{
  "results": [
    {
      "command": "./scripts/parallelism-fix/up.bash control",
      "mean": 222.23163429038996,
      "stddev": 0.9083616300775922,
      "median": 222.17047877163998,
      "user": 23.70788854,
      "system": 48.399809989999994,
      "min": 220.23224541713998,
      "max": 223.69351312613998,
      "times": [
        221.74511625114,
        223.69351312613998,
        222.93464941713998,
        222.46107287613998,
        222.16145529213998,
        221.82885991714,
        220.55014766713998,
        220.23224541713998,
        222.68741716713998,
        222.86606795914,
        222.65876162613998,
        221.98976525114,
        222.14703220913998,
        223.22979383414,
        221.07966666713997,
        223.21686237614,
        221.78540616714,
        223.35083883413998,
        221.83451150113999,
        222.17950225113998
      ],
      "exit_codes": [
        0,
        0,
        0,
        0,
        0,
        0,
        0,
        0,
        0,
        0,
        0,
        0,
        0,
        0,
        0,
        0,
        0,
        0,
        0,
        0
      ],
      "parameters": {
        "group": "control"
      }
    },
    {
      "command": "./scripts/parallelism-fix/up.bash fix",
      "mean": 70.18860150699,
      "stddev": 1.496545832549325,
      "median": 70.03301752164,
      "user": 14.10164524,
      "system": 356.82154409000003,
      "min": 67.61378520914,
      "max": 73.61189125114001,
      "times": [
        71.98571154214001,
        71.09067741714,
        71.63029370914,
        70.59819041714,
        70.36184929214001,
        69.84515645914,
        73.61189125114001,
        71.57854150114001,
        68.48531495914,
        69.92647616714001,
        71.59325220914,
        67.61378520914,
        70.13897983414,
        68.66844112614001,
        68.35458354214,
        69.71204466714,
        68.15081770914,
        70.86586895914,
        69.92705520914001,
        69.63309895914
      ],
      "exit_codes": [
        0,
        0,
        0,
        0,
        0,
        0,
        0,
        0,
        0,
        0,
        0,
        0,
        0,
        0,
        0,
        0,
        0,
        0,
        0,
        0
      ],
      "parameters": {
        "group": "fix"
      }
    }
  ]
}
