{
  "results": [
    {
      "command": "./scripts/up.bash control",
      "mean": 219.90670523658,
      "stddev": 2.1409657893569314,
      "median": 219.01859415298003,
      "user": 22.20268484,
      "system": 45.978982099999996,
      "min": 218.24656869498,
      "max": 225.61799427798002,
      "times": [
        219.04718827798,
        218.24656869498,
        218.91699431998,
        218.87542748698002,
        219.40436977798,
        218.84197486198002,
        220.62813715298,
        220.49839748698,
        225.61799427798002,
        218.99000002798002
      ],
      "exit_codes": [
        0,
        0,
        0,
        0,
        0,
        0,
        0,
        0,
        0,
        0
      ],
      "parameters": {
        "group": "control"
      }
    },
    {
      "command": "./scripts/up.bash patch",
      "mean": 66.58979219078,
      "stddev": 1.5219772242561347,
      "median": 66.14607388248,
      "user": 13.18888714,
      "system": 329.46116559999996,
      "min": 64.74987177797999,
      "max": 69.83553019498,
      "times": [
        68.50144411197999,
        66.22480306998,
        66.72745052798,
        65.95167715298,
        65.16289906998,
        66.06734469498,
        65.96527611197999,
        64.74987177797999,
        69.83553019498,
        66.71162519498
      ],
      "exit_codes": [
        0,
        0,
        0,
        0,
        0,
        0,
        0,
        0,
        0,
        0
      ],
      "parameters": {
        "group": "patch"
      }
    }
  ]
}
