{
  "results": [
    {
      "command": "./scripts/up-scaling.bash cli 50",
      "mean": 97.17017141079998,
      "stddev": 0.863215550600952,
      "median": 96.9953176857,
      "user": 15.02585658,
      "system": 106.49060434,
      "min": 96.26512558169999,
      "max": 98.46762091469999,
      "times": [
        96.27455687369999,
        98.29879999869999,
        97.1749275397,
        96.8157078317,
        98.1646101647,
        96.44294116469999,
        96.4882007487,
        96.26512558169999,
        98.46762091469999,
        97.3092232897
      ],
      "exit_codes": [
        0,
        0,
        0,
        0,
        0,
        0,
        0,
        0,
        0,
        0
      ],
      "parameters": {
        "group": "cli",
        "parallelism": "50"
      }
    },
    {
      "command": "./scripts/up-scaling.bash automation 50",
      "mean": 99.5472426276,
      "stddev": 1.0115961820795867,
      "median": 99.19773247769999,
      "user": 15.094411880000001,
      "system": 113.78640884,
      "min": 98.3468041237,
      "max": 101.6152936237,
      "times": [
        100.18958516469999,
        98.8600069987,
        101.6152936237,
        99.4057549567,
        98.9897099987,
        98.97054328969999,
        100.7459289987,
        98.8361387067,
        98.3468041237,
        99.5126604147
      ],
      "exit_codes": [
        0,
        0,
        0,
        0,
        0,
        0,
        0,
        0,
        0,
        0
      ],
      "parameters": {
        "group": "automation",
        "parallelism": "50"
      }
    },
    {
      "command": "./scripts/up-scaling.bash cli 150",
      "mean": 70.7943701733,
      "stddev": 3.48934404217367,
      "median": 71.18187206069999,
      "user": 13.765796380000001,
      "system": 352.75514354,
      "min": 65.88701187369999,
      "max": 78.63462241469999,
      "times": [
        65.88701187369999,
        71.14719778969999,
        67.4521613737,
        71.5731640817,
        68.6716145817,
        69.15484016469999,
        78.63462241469999,
        71.21654633169999,
        71.2884769147,
        72.91806620669999
      ],
      "exit_codes": [
        0,
        0,
        0,
        0,
        0,
        0,
        0,
        0,
        0,
        0
      ],
      "parameters": {
        "group": "cli",
        "parallelism": "150"
      }
    },
    {
      "command": "./scripts/up-scaling.bash automation 150",
      "mean": 73.9493905567,
      "stddev": 1.2719996603252055,
      "median": 74.2625181232,
      "user": 13.500656179999998,
      "system": 351.49622044,
      "min": 71.5490009567,
      "max": 75.9246432897,
      "times": [
        74.72825933169999,
        74.62313187369999,
        72.7222806647,
        74.0260378317,
        73.6898293317,
        72.88028537369999,
        75.9246432897,
        74.4989984147,
        71.5490009567,
        74.85143849869999
      ],
      "exit_codes": [
        0,
        0,
        0,
        0,
        0,
        0,
        0,
        0,
        0,
        0
      ],
      "parameters": {
        "group": "automation",
        "parallelism": "150"
      }
    },
    {
      "command": "./scripts/up-scaling.bash cli 250",
      "mean": 72.2588793109,
      "stddev": 1.4978925679669042,
      "median": 72.4022438527,
      "user": 14.29143598,
      "system": 369.52707554000006,
      "min": 69.71088783169999,
      "max": 74.42018099869999,
      "times": [
        69.71088783169999,
        71.77196983169999,
        72.5790483317,
        72.05324087369999,
        74.42018099869999,
        72.2254393737,
        73.4111991647,
        69.9626710397,
        73.5198482897,
        72.9343073737
      ],
      "exit_codes": [
        0,
        0,
        0,
        0,
        0,
        0,
        0,
        0,
        0,
        0
      ],
      "parameters": {
        "group": "cli",
        "parallelism": "250"
      }
    },
    {
      "command": "./scripts/up-scaling.bash automation 250",
      "mean": 74.28662142760001,
      "stddev": 1.7179564142789931,
      "median": 74.71185518569999,
      "user": 13.86818548,
      "system": 357.73188574,
      "min": 71.6927745397,
      "max": 76.8954464987,
      "times": [
        72.81664970669999,
        76.8954464987,
        75.0473529567,
        75.0518258737,
        73.9063709987,
        75.79878399869999,
        71.84747683169999,
        74.3763574147,
        71.6927745397,
        75.4331754567
      ],
      "exit_codes": [
        0,
        0,
        0,
        0,
        0,
        0,
        0,
        0,
        0,
        0
      ],
      "parameters": {
        "group": "automation",
        "parallelism": "250"
      }
    },
    {
      "command": "./scripts/up-scaling.bash cli 350",
      "mean": 71.93910524409999,
      "stddev": 1.2731923449378793,
      "median": 72.0391170607,
      "user": 14.271737479999999,
      "system": 368.32815474,
      "min": 69.58999145669999,
      "max": 73.7938233737,
      "times": [
        71.3741380397,
        69.58999145669999,
        71.19970628969999,
        73.4194308737,
        71.95524503969999,
        72.28399378969999,
        72.1229890817,
        72.9201532067,
        73.7938233737,
        70.73158128969999
      ],
      "exit_codes": [
        0,
        0,
        0,
        0,
        0,
        0,
        0,
        0,
        0,
        0
      ],
      "parameters": {
        "group": "cli",
        "parallelism": "350"
      }
    },
    {
      "command": "./scripts/up-scaling.bash automation 350",
      "mean": 74.61665349009999,
      "stddev": 1.87660506545254,
      "median": 74.44511964419999,
      "user": 13.954458679999998,
      "system": 357.5580131399999,
      "min": 72.2094879987,
      "max": 77.35020612369999,
      "times": [
        77.35020612369999,
        72.43708474869999,
        75.0113776237,
        76.8000091237,
        75.33443678969999,
        73.2699177067,
        72.2094879987,
        76.62213353969999,
        73.25301958169999,
        73.8788616647
      ],
      "exit_codes": [
        0,
        0,
        0,
        0,
        0,
        0,
        0,
        0,
        0,
        0
      ],
      "parameters": {
        "group": "automation",
        "parallelism": "350"
      }
    }
  ]
}
