{
  "results": [
    {
      "command": "./scripts/up.bash control",
      "mean": 218.4786619163,
      "stddev": 0.9389191423025481,
      "median": 218.1718125183,
      "user": 22.032814960000003,
      "system": 45.66632813999999,
      "min": 217.0324614978,
      "max": 220.1916147478,
      "times": [
        219.3851126228,
        220.0942596638,
        218.2583533728,
        219.4994113728,
        218.2240007888,
        218.1888922058,
        217.4990308308,
        217.5948940388,
        218.1077647478,
        219.4715449558,
        217.3352092478,
        220.1916147478,
        218.1547328308,
        218.0544047478,
        217.0324614978,
        218.1288318308,
        217.8647830388,
        219.5983872478,
        217.7962391638,
        219.0933093728
      ],
      "exit_codes": [
        0,
        0,
        0,
        0,
        0,
        0,
        0,
        0,
        0,
        0,
        0,
        0,
        0,
        0,
        0,
        0,
        0,
        0,
        0,
        0
      ],
      "parameters": {
        "group": "control"
      }
    },
    {
      "command": "./scripts/up.bash ts-control",
      "mean": 67.6859748975,
      "stddev": 1.4713790616940878,
      "median": 67.3746428308,
      "user": 17.67816366,
      "system": 8.59013119,
      "min": 65.2713698308,
      "max": 71.0710644978,
      "times": [
        66.13357074780001,
        66.3360620808,
        68.4327063728,
        68.5456667888,
        68.8225481228,
        66.4822976638,
        67.1658063728,
        70.0856085388,
        67.6707512478,
        68.9301952058,
        71.0710644978,
        67.1952182478,
        69.2209677478,
        65.2713698308,
        67.1693569978,
        66.7659141638,
        68.2816894558,
        66.1676880388,
        66.4169484138,
        67.5540674138
      ],
      "exit_codes": [
        0,
        0,
        0,
        0,
        0,
        0,
        0,
        0,
        0,
        0,
        0,
        0,
        0,
        0,
        0,
        0,
        0,
        0,
        0,
        0
      ],
      "parameters": {
        "group": "ts-control"
      }
    },
    {
      "command": "./scripts/up.bash patch",
      "mean": 64.66101980585002,
      "stddev": 1.3444495059058559,
      "median": 64.8163018098,
      "user": 12.93694036,
      "system": 321.02954549,
      "min": 62.1194829978,
      "max": 67.0978776638,
      "times": [
        62.5745194138,
        64.5821384978,
        62.1194829978,
        63.1757042478,
        63.2445501638,
        63.790860663800004,
        64.9556879558,
        65.9939335808,
        65.0123607478,
        65.6786711638,
        65.8979323308,
        66.2789537058,
        63.5795908728,
        67.0978776638,
        65.7447696228,
        64.9692052058,
        66.0249113728,
        64.0161043728,
        63.8062258728,
        64.6769156638
      ],
      "exit_codes": [
        0,
        0,
        0,
        0,
        0,
        0,
        0,
        0,
        0,
        0,
        0,
        0,
        0,
        0,
        0,
        0,
        0,
        0,
        0,
        0
      ],
      "parameters": {
        "group": "patch"
      }
    },
    {
      "command": "./scripts/up.bash checkpoint",
      "mean": 28.7492047474,
      "stddev": 0.5118872222501015,
      "median": 28.5948502893,
      "user": 7.934556359999999,
      "system": 159.03975108999998,
      "min": 28.4511870388,
      "max": 30.8049428308,
      "times": [
        28.5787472478,
        28.4511870388,
        28.6949869138,
        29.0532839558,
        28.5814699138,
        28.7101555808,
        28.5108414138,
        28.5955224978,
        28.455168663800002,
        28.5112457478,
        28.5829120388,
        28.5941780808,
        28.5245523728,
        30.8049428308,
        28.7734979558,
        28.5222742058,
        28.6496217888,
        28.7143090388,
        28.608439788800002,
        29.0667578728
      ],
      "exit_codes": [
        0,
        0,
        0,
        0,
        0,
        0,
        0,
        0,
        0,
        0,
        0,
        0,
        0,
        0,
        0,
        0,
        0,
        0,
        0,
        0
      ],
      "parameters": {
        "group": "checkpoint"
      }
    },
    {
      "command": "./scripts/up.bash jsonpatch",
      "mean": 73.6582370829,
      "stddev": 1.3680772187025645,
      "median": 73.3266230808,
      "user": 16.44902896,
      "system": 369.76426628999997,
      "min": 71.6060518308,
      "max": 76.0120596638,
      "times": [
        71.6060518308,
        72.5216709138,
        73.2329305808,
        76.0120596638,
        75.3598998728,
        75.8895164558,
        75.9163802058,
        74.8470817478,
        73.5708509138,
        73.2675937058,
        71.7068842888,
        73.2249105808,
        74.8264225388,
        73.07364312280001,
        72.5895929978,
        72.4282869978,
        73.3856524558,
        73.7569071228,
        72.5198823308,
        73.4285233308
      ],
      "exit_codes": [
        0,
        0,
        0,
        0,
        0,
        0,
        0,
        0,
        0,
        0,
        0,
        0,
        0,
        0,
        0,
        0,
        0,
        0,
        0,
        0
      ],
      "parameters": {
        "group": "jsonpatch"
      }
    },
    {
      "command": "./scripts/up.bash combined",
      "mean": 28.7960805849,
      "stddev": 0.2034486462020135,
      "median": 28.7390992268,
      "user": 7.9437021099999985,
      "system": 161.10995759,
      "min": 28.5837934558,
      "max": 29.4583820388,
      "times": [
        28.868360163800002,
        28.6842691638,
        28.7863600808,
        28.6977941638,
        28.7682044138,
        28.8143615808,
        28.6902751228,
        28.763814622800002,
        29.4583820388,
        28.7136205388,
        28.5987353728,
        28.680529580800002,
        28.8202944558,
        28.643558038800002,
        28.6622570808,
        28.5837934558,
        28.9036020808,
        28.7143838308,
        28.9138572478,
        29.1551586638
      ],
      "exit_codes": [
        0,
        0,
        0,
        0,
        0,
        0,
        0,
        0,
        0,
        0,
        0,
        0,
        0,
        0,
        0,
        0,
        0,
        0,
        0,
        0
      ],
      "parameters": {
        "group": "combined"
      }
    }
  ]
}
