{
  "results": [
    {
      "command": "./scripts/tf-vs-pu/up.bash control",
      "mean": 66.11157347299999,
      "stddev": 1.26811396918371,
      "median": 65.7402531793,
      "user": 26.998774239999996,
      "system": 195.11750152999997,
      "min": 64.6954820753,
      "max": 69.1525375753,
      "times": [
        65.5216059083,
        64.6954820753,
        64.9097953663,
        65.8807917833,
        65.1199685753,
        65.0467930753,
        65.1384123663,
        66.68404420030001,
        68.7964678253,
        67.4252960333,
        67.0728250753,
        69.1525375753,
        66.6173500333,
        66.6086180333,
        65.7127110753,
        64.9068078253,
        65.1376099083,
        65.7677952833,
        66.7281500333,
        65.3084074083
      ],
      "exit_codes": [
        0,
        0,
        0,
        0,
        0,
        0,
        0,
        0,
        0,
        0,
        0,
        0,
        0,
        0,
        0,
        0,
        0,
        0,
        0,
        0
      ],
      "parameters": {
        "group": "control"
      }
    },
    {
      "command": "./scripts/tf-vs-pu/up.bash checkpoint",
      "mean": 28.849572583299995,
      "stddev": 0.08722266920542684,
      "median": 28.832170679300003,
      "user": 12.18720059,
      "system": 62.97669753,
      "min": 28.692306366300002,
      "max": 29.0612986583,
      "times": [
        28.792686866300002,
        28.800919783300003,
        28.9306710753,
        28.692306366300002,
        28.854684241300003,
        28.839208450300003,
        28.825132908300002,
        28.9337526163,
        28.952744741300002,
        28.7622634503,
        28.8175406583,
        28.847986158300003,
        28.7989812833,
        28.9846661163,
        28.802902700300002,
        28.8540575753,
        28.743164783300003,
        29.0612986583,
        28.8221620333,
        28.874321200300002
      ],
      "exit_codes": [
        0,
        0,
        0,
        0,
        0,
        0,
        0,
        0,
        0,
        0,
        0,
        0,
        0,
        0,
        0,
        0,
        0,
        0,
        0,
        0
      ],
      "parameters": {
        "group": "checkpoint"
      }
    },
    {
      "command": "./scripts/tf-vs-pu/up.bash terraform-cloud",
      "mean": 86.8731032979,
      "stddev": 3.486467684056304,
      "median": 85.4303569498,
      "user": 5.67296964,
      "system": 1.36497348,
      "min": 84.6454455333,
      "max": 95.3952170753,
      "times": [
        85.9898459083,
        95.3952170753,
        94.5361484503,
        85.4489182413,
        84.6454455333,
        86.3147266583,
        86.6225627003,
        84.6878555753,
        86.7971729913,
        94.4535062833,
        84.8814817833,
        85.41179565830001,
        85.4822462833,
        86.7437994083,
        85.19592203330001,
        85.1222098663,
        85.0743196583,
        85.2516047003,
        84.64788203330001,
        84.7594051163
      ],
      "exit_codes": [
        0,
        0,
        0,
        0,
        0,
        0,
        0,
        0,
        0,
        0,
        0,
        0,
        0,
        0,
        0,
        0,
        0,
        0,
        0,
        0
      ],
      "parameters": {
        "group": "terraform-cloud"
      }
    },
    {
      "command": "./scripts/tf-vs-pu/up.bash terraform-remote",
      "mean": 65.13873801455001,
      "stddev": 20.201792888710784,
      "median": 65.6334587418,
      "user": 5.55486504,
      "system": 1.3032256299999998,
      "min": 29.297555700300002,
      "max": 86.8764846163,
      "times": [
        44.7917049503,
        85.0966943253,
        85.0702051163,
        84.7163937003,
        54.9973734913,
        44.5321402413,
        45.6609747003,
        75.0301900333,
        65.1817448253,
        65.0364915753,
        84.9559204083,
        85.1234713663,
        54.9147542413,
        29.4648510333,
        45.0453719083,
        66.0851726583,
        29.297555700300002,
        86.8764846163,
        85.9691732833,
        84.92809211630001
      ],
      "exit_codes": [
        0,
        0,
        0,
        0,
        0,
        0,
        0,
        0,
        0,
        0,
        0,
        0,
        0,
        0,
        0,
        0,
        0,
        0,
        0,
        0
      ],
      "parameters": {
        "group": "terraform-remote"
      }
    }
  ]
}
