{
  "results": [
    {
      "command": "./scripts/ts-vs-py/up.bash control",
      "mean": 70.97471648996999,
      "stddev": 0.9094753437372595,
      "median": 70.86662316482,
      "user": 14.205455240000001,
      "system": 350.26489879999997,
      "min": 69.66647693582,
      "max": 72.55589272782,
      "times": [
        71.65690564382,
        70.65361506082,
        70.45165601881999,
        70.87816251881999,
        71.60013318582,
        70.00492764382,
        69.66647693582,
        69.69135101882,
        71.04918051882,
        70.48698276882,
        70.59756193582,
        71.30057285282,
        72.55589272782,
        70.29843060281999,
        72.46181172781999,
        69.87346293582,
        70.85508381081999,
        72.41005722781999,
        72.08074093581999,
        70.92132372782
      ],
      "exit_codes": [
        0,
        0,
        0,
        0,
        0,
        0,
        0,
        0,
        0,
        0,
        0,
        0,
        0,
        0,
        0,
        0,
        0,
        0,
        0,
        0
      ],
      "parameters": {
        "group": "control"
      }
    },
    {
      "command": "./scripts/ts-vs-py/up.bash ts-control",
      "mean": 73.74112594627,
      "stddev": 1.573817318494122,
      "median": 73.82592024831999,
      "user": 18.194941789999998,
      "system": 9.322130600000001,
      "min": 70.63854810282,
      "max": 78.02497764382,
      "times": [
        74.34543964382,
        73.48895564381999,
        73.92011076882,
        73.74889918582,
        72.65832018581999,
        71.57144672781999,
        72.21784418582,
        73.83726968581999,
        70.63854810282,
        71.80632681082,
        73.48715260281999,
        78.02497764382,
        74.37523568582,
        75.24165381082,
        73.81457081082,
        74.23927172782,
        73.06716143582,
        74.76727235282,
        74.72592581082,
        74.84613610282
      ],
      "exit_codes": [
        0,
        0,
        0,
        0,
        0,
        0,
        0,
        0,
        0,
        0,
        0,
        0,
        0,
        0,
        0,
        0,
        0,
        0,
        0,
        0
      ],
      "parameters": {
        "group": "ts-control"
      }
    }
  ]
}
